<?xml version="1.0" encoding="UTF-8" standalone="yes"?>
<addon id="plugin.video.sltester"
       name="SLTester"
       version="1.0.0"
       provider-name="jairoxyz">
    <requires>
        <import addon="xbmc.python" version="2.24.0" />
        <import addon="script.module.requests" />   
        <import addon="script.module.streamlink" />
    </requires>
    <extension point="xbmc.python.pluginsource"
               library="test.py">
        <provides>video</provides>
    </extension>
    <extension point="xbmc.addon.metadata">
        <platform>all</platform>
        <license>GPL 2.0</license>
        <summary lang="en"></summary>
        <description lang="en"></description>
    </extension>
</addon>
